,predictions,status
0,1,Positive
1,1,Positive
2,1,Positive
3,1,Positive
4,1,Positive
5,1,Positive
6,1,Positive
7,1,Positive
8,1,Positive
9,1,Positive
10,1,Positive
11,1,Positive
12,1,Positive
13,0,Negative
14,1,Positive
15,1,Positive
16,1,Positive
17,1,Positive
18,1,Positive
19,0,Negative
20,1,Positive
21,1,Positive
22,1,Positive
23,1,Positive
24,1,Positive
25,1,Positive
26,1,Positive
27,1,Positive
28,1,Positive
29,1,Positive
30,1,Positive
31,1,Positive
32,1,Positive
33,1,Positive
34,1,Positive
35,1,Positive
36,1,Positive
37,1,Positive
38,1,Positive
39,1,Positive
40,1,Positive
41,1,Positive
42,1,Positive
43,1,Positive
44,1,Positive
45,1,Positive
46,1,Positive
47,1,Positive
48,0,Negative
49,1,Positive
50,1,Positive
51,0,Negative
52,0,Negative
53,1,Positive
54,1,Positive
55,1,Positive
56,1,Positive
57,1,Positive
58,1,Positive
59,1,Positive
60,0,Negative
61,1,Positive
62,1,Positive
63,1,Positive
64,0,Negative
65,1,Positive
66,1,Positive
67,1,Positive
68,1,Positive
69,1,Positive
70,1,Positive
71,1,Positive
72,1,Positive
73,1,Positive
74,1,Positive
75,1,Positive
76,1,Positive
77,1,Positive
78,1,Positive
79,1,Positive
80,1,Positive
81,1,Positive
82,1,Positive
83,1,Positive
84,1,Positive
85,1,Positive
86,1,Positive
87,1,Positive
88,1,Positive
89,1,Positive
90,0,Negative
91,1,Positive
92,1,Positive
93,1,Positive
94,1,Positive
95,1,Positive
96,1,Positive
97,1,Positive
98,1,Positive
99,1,Positive
100,1,Positive
101,1,Positive
102,1,Positive
103,1,Positive
104,1,Positive
105,1,Positive
106,1,Positive
107,1,Positive
108,1,Positive
109,0,Negative
110,1,Positive
111,1,Positive
112,1,Positive
113,1,Positive
114,1,Positive
115,1,Positive
116,1,Positive
117,1,Positive
118,1,Positive
119,1,Positive
120,1,Positive
121,1,Positive
122,1,Positive
123,1,Positive
124,1,Positive
125,0,Negative
126,1,Positive
127,1,Positive
128,1,Positive
129,1,Positive
130,1,Positive
131,1,Positive
132,1,Positive
133,1,Positive
134,1,Positive
135,1,Positive
136,1,Positive
137,0,Negative
138,1,Positive
139,1,Positive
140,1,Positive
141,1,Positive
142,1,Positive
143,1,Positive
144,1,Positive
145,1,Positive
146,1,Positive
147,1,Positive
148,1,Positive
149,1,Positive
150,1,Positive
151,1,Positive
152,1,Positive
153,1,Positive
154,1,Positive
155,1,Positive
156,1,Positive
157,1,Positive
158,1,Positive
159,1,Positive
160,1,Positive
161,1,Positive
162,1,Positive
163,0,Negative
164,1,Positive
165,1,Positive
166,1,Positive
167,1,Positive
168,1,Positive
169,1,Positive
170,1,Positive
171,1,Positive
172,1,Positive
173,1,Positive
174,1,Positive
175,1,Positive
176,1,Positive
177,0,Negative
178,1,Positive
179,1,Positive
180,1,Positive
181,1,Positive
182,1,Positive
183,1,Positive
184,1,Positive
185,1,Positive
186,1,Positive
187,1,Positive
188,1,Positive
189,1,Positive
190,1,Positive
191,1,Positive
192,0,Negative
193,0,Negative
194,1,Positive
195,0,Negative
196,1,Positive
197,1,Positive
198,1,Positive
199,1,Positive
200,1,Positive
201,1,Positive
202,0,Negative
203,1,Positive
204,1,Positive
205,1,Positive
206,1,Positive
207,1,Positive
208,1,Positive
209,1,Positive
210,1,Positive
211,1,Positive
212,1,Positive
213,1,Positive
214,1,Positive
215,1,Positive
216,1,Positive
217,1,Positive
218,0,Negative
219,1,Positive
220,1,Positive
221,1,Positive
222,1,Positive
223,1,Positive
224,1,Positive
225,1,Positive
226,1,Positive
227,1,Positive
228,1,Positive
229,1,Positive
230,1,Positive
231,1,Positive
232,1,Positive
233,1,Positive
234,1,Positive
235,0,Negative
236,1,Positive
237,1,Positive
238,0,Negative
239,1,Positive
240,1,Positive
241,1,Positive
242,1,Positive
243,1,Positive
244,1,Positive
245,1,Positive
246,1,Positive
247,1,Positive
248,1,Positive
249,1,Positive
250,1,Positive
251,1,Positive
252,1,Positive
253,1,Positive
254,1,Positive
255,0,Negative
256,1,Positive
257,1,Positive
258,1,Positive
259,1,Positive
260,1,Positive
261,1,Positive
262,1,Positive
263,1,Positive
264,1,Positive
265,1,Positive
266,1,Positive
267,1,Positive
268,1,Positive
269,1,Positive
270,1,Positive
271,1,Positive
272,1,Positive
273,1,Positive
274,1,Positive
275,1,Positive
276,1,Positive
277,1,Positive
278,1,Positive
279,1,Positive
280,1,Positive
281,1,Positive
282,1,Positive
283,1,Positive
284,1,Positive
285,1,Positive
286,1,Positive
287,1,Positive
288,1,Positive
289,1,Positive
290,1,Positive
291,1,Positive
292,1,Positive
293,1,Positive
294,1,Positive
295,1,Positive
296,1,Positive
297,1,Positive
298,1,Positive
299,1,Positive
300,1,Positive
301,1,Positive
302,1,Positive
303,1,Positive
304,1,Positive
305,1,Positive
306,1,Positive
307,0,Negative
308,1,Positive
309,1,Positive
310,1,Positive
311,1,Positive
312,1,Positive
313,0,Negative
314,1,Positive
315,1,Positive
316,1,Positive
317,1,Positive
318,1,Positive
319,1,Positive
320,1,Positive
321,1,Positive
322,1,Positive
323,1,Positive
324,1,Positive
325,0,Negative
326,1,Positive
327,1,Positive
328,1,Positive
329,0,Negative
330,1,Positive
331,1,Positive
332,1,Positive
333,1,Positive
334,1,Positive
335,1,Positive
336,1,Positive
337,1,Positive
338,1,Positive
339,1,Positive
340,1,Positive
341,1,Positive
342,1,Positive
343,1,Positive
344,1,Positive
345,1,Positive
346,1,Positive
347,1,Positive
348,1,Positive
349,1,Positive
350,1,Positive
351,1,Positive
352,1,Positive
353,1,Positive
354,1,Positive
355,1,Positive
356,1,Positive
357,1,Positive
358,1,Positive
359,1,Positive
360,1,Positive
361,1,Positive
362,1,Positive
363,1,Positive
364,1,Positive
365,1,Positive
366,0,Negative
367,1,Positive
368,1,Positive
369,1,Positive
370,1,Positive
371,1,Positive
372,1,Positive
373,1,Positive
374,1,Positive
375,1,Positive
376,1,Positive
377,1,Positive
378,1,Positive
379,1,Positive
380,0,Negative
381,1,Positive
382,1,Positive
383,1,Positive
384,1,Positive
385,1,Positive
386,1,Positive
387,1,Positive
388,1,Positive
389,1,Positive
390,1,Positive
391,1,Positive
392,0,Negative
393,1,Positive
394,1,Positive
395,1,Positive
396,1,Positive
397,1,Positive
398,1,Positive
399,1,Positive
400,1,Positive
401,1,Positive
402,1,Positive
403,1,Positive
404,0,Negative
405,1,Positive
406,1,Positive
407,0,Negative
408,1,Positive
409,1,Positive
410,1,Positive
411,1,Positive
412,1,Positive
413,1,Positive
414,1,Positive
415,1,Positive
416,1,Positive
417,1,Positive
418,1,Positive
419,1,Positive
420,1,Positive
421,1,Positive
422,1,Positive
423,1,Positive
424,1,Positive
425,1,Positive
426,1,Positive
427,1,Positive
428,1,Positive
429,1,Positive
430,1,Positive
431,1,Positive
432,1,Positive
433,1,Positive
434,0,Negative
435,1,Positive
436,1,Positive
437,0,Negative
438,1,Positive
439,1,Positive
440,0,Negative
441,1,Positive
442,0,Negative
443,1,Positive
444,1,Positive
445,1,Positive
446,1,Positive
447,1,Positive
448,0,Negative
449,1,Positive
450,1,Positive
451,1,Positive
452,1,Positive
453,1,Positive
454,1,Positive
455,1,Positive
456,1,Positive
457,1,Positive
458,1,Positive
459,1,Positive
460,1,Positive
461,1,Positive
462,1,Positive
463,1,Positive
464,1,Positive
465,1,Positive
466,1,Positive
467,1,Positive
468,1,Positive
469,1,Positive
470,1,Positive
471,1,Positive
472,1,Positive
473,1,Positive
474,1,Positive
475,1,Positive
476,1,Positive
477,1,Positive
478,1,Positive
479,1,Positive
480,1,Positive
481,1,Positive
482,1,Positive
483,1,Positive
484,1,Positive
485,1,Positive
486,1,Positive
487,1,Positive
488,1,Positive
489,1,Positive
490,1,Positive
491,1,Positive
492,1,Positive
493,1,Positive
494,1,Positive
495,0,Negative
496,1,Positive
497,1,Positive
498,1,Positive
499,1,Positive
500,1,Positive
501,1,Positive
502,1,Positive
503,1,Positive
504,1,Positive
505,1,Positive
506,1,Positive
507,1,Positive
508,1,Positive
509,1,Positive
510,1,Positive
511,1,Positive
512,1,Positive
513,1,Positive
514,1,Positive
515,1,Positive
516,1,Positive
517,1,Positive
518,1,Positive
519,1,Positive
520,1,Positive
521,1,Positive
522,1,Positive
523,1,Positive
524,1,Positive
525,1,Positive
526,1,Positive
527,1,Positive
528,1,Positive
529,1,Positive
530,1,Positive
531,1,Positive
532,1,Positive
533,1,Positive
534,1,Positive
535,1,Positive
536,1,Positive
537,1,Positive
538,1,Positive
539,1,Positive
540,1,Positive
541,1,Positive
542,1,Positive
543,1,Positive
544,0,Negative
545,1,Positive
546,1,Positive
547,1,Positive
548,1,Positive
549,0,Negative
550,1,Positive
551,1,Positive
552,0,Negative
553,1,Positive
554,1,Positive
555,0,Negative
556,1,Positive
557,1,Positive
558,1,Positive
559,1,Positive
560,1,Positive
561,1,Positive
562,1,Positive
563,1,Positive
564,1,Positive
565,1,Positive
566,1,Positive
567,1,Positive
568,0,Negative
569,1,Positive
570,1,Positive
571,1,Positive
572,1,Positive
573,1,Positive
574,1,Positive
575,1,Positive
576,1,Positive
577,1,Positive
578,1,Positive
579,1,Positive
580,1,Positive
581,1,Positive
582,1,Positive
583,1,Positive
584,1,Positive
585,1,Positive
586,1,Positive
587,1,Positive
588,1,Positive
589,0,Negative
590,1,Positive
591,1,Positive
592,0,Negative
593,1,Positive
594,1,Positive
595,1,Positive
596,1,Positive
597,1,Positive
598,1,Positive
599,1,Positive
600,1,Positive
601,1,Positive
602,1,Positive
603,1,Positive
604,1,Positive
605,1,Positive
606,0,Negative
607,1,Positive
608,0,Negative
609,1,Positive
610,1,Positive
611,1,Positive
612,1,Positive
613,1,Positive
614,1,Positive
615,1,Positive
616,1,Positive
617,1,Positive
618,1,Positive
619,1,Positive
620,1,Positive
621,1,Positive
622,1,Positive
623,1,Positive
624,1,Positive
625,0,Negative
626,0,Negative
627,0,Negative
628,0,Negative
629,1,Positive
630,1,Positive
631,1,Positive
632,0,Negative
633,1,Positive
634,1,Positive
635,1,Positive
636,1,Positive
637,1,Positive
638,1,Positive
639,1,Positive
640,1,Positive
641,1,Positive
642,1,Positive
643,0,Negative
644,1,Positive
645,1,Positive
646,0,Negative
647,1,Positive
648,1,Positive
649,1,Positive
650,1,Positive
651,1,Positive
652,1,Positive
653,1,Positive
654,1,Positive
655,1,Positive
656,1,Positive
657,1,Positive
658,1,Positive
659,1,Positive
660,1,Positive
661,1,Positive
662,1,Positive
663,1,Positive
664,1,Positive
665,1,Positive
666,1,Positive
667,1,Positive
668,1,Positive
669,1,Positive
670,1,Positive
671,1,Positive
672,1,Positive
673,1,Positive
674,1,Positive
675,1,Positive
676,1,Positive
677,1,Positive
678,1,Positive
679,1,Positive
680,1,Positive
681,1,Positive
682,1,Positive
683,1,Positive
684,1,Positive
685,1,Positive
686,1,Positive
687,1,Positive
688,1,Positive
689,1,Positive
690,1,Positive
691,1,Positive
692,1,Positive
693,1,Positive
694,1,Positive
695,1,Positive
696,1,Positive
697,1,Positive
698,1,Positive
699,1,Positive
700,1,Positive
701,1,Positive
702,1,Positive
703,1,Positive
704,1,Positive
705,1,Positive
706,1,Positive
707,1,Positive
708,1,Positive
709,0,Negative
710,1,Positive
711,1,Positive
712,1,Positive
713,1,Positive
714,1,Positive
715,1,Positive
716,1,Positive
717,1,Positive
718,1,Positive
719,1,Positive
720,1,Positive
721,1,Positive
722,1,Positive
723,1,Positive
724,1,Positive
725,1,Positive
726,1,Positive
727,0,Negative
728,1,Positive
729,1,Positive
730,1,Positive
731,1,Positive
732,1,Positive
733,1,Positive
734,1,Positive
735,1,Positive
736,1,Positive
737,1,Positive
738,1,Positive
739,1,Positive
740,1,Positive
741,1,Positive
742,1,Positive
743,1,Positive
744,1,Positive
745,1,Positive
746,1,Positive
747,1,Positive
748,1,Positive
749,1,Positive
750,1,Positive
751,1,Positive
752,1,Positive
753,1,Positive
754,1,Positive
755,1,Positive
756,1,Positive
757,1,Positive
758,1,Positive
759,1,Positive
760,1,Positive
761,1,Positive
762,1,Positive
763,0,Negative
764,1,Positive
765,1,Positive
766,1,Positive
767,1,Positive
768,1,Positive
769,1,Positive
770,1,Positive
771,1,Positive
772,1,Positive
773,1,Positive
774,1,Positive
775,1,Positive
776,1,Positive
777,1,Positive
778,1,Positive
779,0,Negative
780,1,Positive
781,1,Positive
782,0,Negative
783,0,Negative
784,1,Positive
785,1,Positive
786,1,Positive
787,1,Positive
788,1,Positive
789,1,Positive
790,1,Positive
791,1,Positive
792,1,Positive
793,1,Positive
794,1,Positive
795,1,Positive
796,0,Negative
797,0,Negative
798,1,Positive
799,1,Positive
800,1,Positive
801,0,Negative
802,1,Positive
803,1,Positive
804,1,Positive
805,1,Positive
806,1,Positive
807,1,Positive
808,1,Positive
809,1,Positive
810,1,Positive
811,1,Positive
812,1,Positive
813,1,Positive
814,1,Positive
815,1,Positive
816,1,Positive
817,1,Positive
818,1,Positive
819,1,Positive
820,1,Positive
821,1,Positive
822,1,Positive
823,1,Positive
824,0,Negative
825,1,Positive
826,1,Positive
827,1,Positive
828,1,Positive
829,1,Positive
830,1,Positive
831,1,Positive
832,1,Positive
833,1,Positive
834,1,Positive
835,1,Positive
836,1,Positive
837,1,Positive
838,1,Positive
839,1,Positive
840,1,Positive
841,1,Positive
842,1,Positive
843,1,Positive
844,0,Negative
845,1,Positive
846,0,Negative
847,1,Positive
848,1,Positive
849,1,Positive
850,1,Positive
851,1,Positive
852,1,Positive
853,1,Positive
854,1,Positive
855,1,Positive
856,1,Positive
857,1,Positive
858,1,Positive
859,1,Positive
860,1,Positive
861,1,Positive
862,1,Positive
863,1,Positive
864,0,Negative
865,1,Positive
866,1,Positive
867,1,Positive
868,1,Positive
869,1,Positive
870,1,Positive
871,1,Positive
872,0,Negative
873,1,Positive
874,1,Positive
875,1,Positive
876,1,Positive
877,1,Positive
878,1,Positive
879,1,Positive
880,1,Positive
881,1,Positive
882,1,Positive
883,1,Positive
884,1,Positive
885,1,Positive
886,1,Positive
887,0,Negative
888,1,Positive
889,1,Positive
890,1,Positive
891,1,Positive
892,1,Positive
893,1,Positive
894,1,Positive
895,1,Positive
896,1,Positive
897,1,Positive
898,1,Positive
899,1,Positive
900,1,Positive
901,1,Positive
902,1,Positive
903,1,Positive
904,1,Positive
905,1,Positive
906,1,Positive
907,1,Positive
908,1,Positive
909,0,Negative
910,1,Positive
911,1,Positive
912,1,Positive
913,1,Positive
914,1,Positive
915,1,Positive
916,1,Positive
917,1,Positive
918,1,Positive
919,1,Positive
920,1,Positive
921,1,Positive
922,1,Positive
923,1,Positive
924,1,Positive
925,1,Positive
926,1,Positive
927,1,Positive
928,1,Positive
929,0,Negative
930,1,Positive
931,1,Positive
932,1,Positive
933,1,Positive
934,1,Positive
935,1,Positive
936,1,Positive
937,1,Positive
938,1,Positive
939,1,Positive
940,1,Positive
941,1,Positive
942,1,Positive
943,1,Positive
944,1,Positive
945,1,Positive
946,1,Positive
947,1,Positive
948,1,Positive
949,1,Positive
950,0,Negative
951,1,Positive
952,1,Positive
953,1,Positive
954,0,Negative
955,1,Positive
956,1,Positive
957,1,Positive
958,1,Positive
959,1,Positive
960,1,Positive
961,0,Negative
962,1,Positive
963,1,Positive
964,1,Positive
965,1,Positive
966,1,Positive
967,1,Positive
968,1,Positive
969,0,Negative
970,1,Positive
971,1,Positive
972,0,Negative
973,0,Negative
974,0,Negative
975,1,Positive
976,1,Positive
977,1,Positive
978,1,Positive
979,1,Positive
980,1,Positive
981,1,Positive
982,1,Positive
983,1,Positive
984,1,Positive
985,1,Positive
986,1,Positive
987,1,Positive
988,1,Positive
989,1,Positive
990,0,Negative
991,1,Positive
992,1,Positive
993,1,Positive
994,1,Positive
995,1,Positive
996,1,Positive
997,1,Positive
998,1,Positive
999,1,Positive
1000,1,Positive
1001,1,Positive
1002,1,Positive
1003,1,Positive
1004,1,Positive
1005,1,Positive
1006,1,Positive
1007,1,Positive
1008,1,Positive
1009,1,Positive
1010,0,Negative
1011,1,Positive
1012,1,Positive
1013,1,Positive
1014,1,Positive
1015,1,Positive
1016,1,Positive
1017,1,Positive
1018,1,Positive
1019,1,Positive
1020,1,Positive
1021,1,Positive
1022,1,Positive
1023,1,Positive
1024,1,Positive
1025,1,Positive
1026,1,Positive
1027,1,Positive
1028,1,Positive
1029,0,Negative
1030,1,Positive
1031,1,Positive
1032,1,Positive
1033,1,Positive
1034,1,Positive
1035,1,Positive
1036,1,Positive
1037,0,Negative
1038,1,Positive
1039,1,Positive
1040,1,Positive
1041,1,Positive
1042,1,Positive
1043,1,Positive
1044,1,Positive
1045,1,Positive
1046,1,Positive
1047,1,Positive
1048,1,Positive
1049,1,Positive
1050,1,Positive
1051,1,Positive
1052,1,Positive
1053,1,Positive
1054,0,Negative
1055,1,Positive
1056,1,Positive
1057,1,Positive
1058,1,Positive
1059,1,Positive
1060,1,Positive
1061,1,Positive
1062,1,Positive
1063,1,Positive
1064,1,Positive
1065,1,Positive
1066,1,Positive
1067,1,Positive
1068,1,Positive
1069,1,Positive
1070,0,Negative
1071,1,Positive
1072,1,Positive
1073,1,Positive
1074,1,Positive
1075,1,Positive
1076,1,Positive
1077,1,Positive
1078,1,Positive
1079,1,Positive
1080,1,Positive
1081,1,Positive
1082,1,Positive
1083,0,Negative
1084,0,Negative
1085,1,Positive
1086,1,Positive
1087,1,Positive
1088,1,Positive
1089,1,Positive
1090,0,Negative
1091,1,Positive
1092,1,Positive
1093,1,Positive
1094,1,Positive
1095,1,Positive
1096,1,Positive
1097,1,Positive
1098,1,Positive
1099,1,Positive
1100,1,Positive
1101,0,Negative
1102,1,Positive
1103,1,Positive
1104,1,Positive
1105,0,Negative
1106,1,Positive
1107,1,Positive
1108,1,Positive
1109,1,Positive
1110,1,Positive
1111,1,Positive
1112,1,Positive
1113,1,Positive
1114,1,Positive
1115,1,Positive
1116,1,Positive
1117,1,Positive
1118,1,Positive
1119,1,Positive
1120,1,Positive
1121,1,Positive
1122,1,Positive
1123,1,Positive
1124,1,Positive
1125,0,Negative
1126,0,Negative
1127,1,Positive
1128,1,Positive
1129,1,Positive
1130,1,Positive
1131,1,Positive
1132,1,Positive
1133,1,Positive
1134,1,Positive
1135,1,Positive
1136,1,Positive
1137,1,Positive
1138,1,Positive
1139,1,Positive
1140,1,Positive
1141,1,Positive
1142,1,Positive
1143,1,Positive
1144,1,Positive
1145,1,Positive
1146,1,Positive
1147,1,Positive
1148,1,Positive
1149,1,Positive
1150,1,Positive
1151,1,Positive
1152,1,Positive
1153,1,Positive
1154,1,Positive
1155,1,Positive
1156,1,Positive
1157,1,Positive
1158,1,Positive
1159,1,Positive
1160,1,Positive
1161,1,Positive
1162,1,Positive
1163,1,Positive
1164,1,Positive
1165,1,Positive
1166,1,Positive
1167,1,Positive
1168,0,Negative
1169,0,Negative
1170,1,Positive
1171,1,Positive
1172,1,Positive
1173,1,Positive
1174,1,Positive
1175,1,Positive
1176,1,Positive
1177,1,Positive
1178,1,Positive
1179,1,Positive
1180,0,Negative
1181,1,Positive
1182,1,Positive
1183,1,Positive
1184,1,Positive
1185,1,Positive
1186,1,Positive
1187,1,Positive
1188,1,Positive
1189,0,Negative
1190,0,Negative
1191,1,Positive
1192,1,Positive
1193,1,Positive
1194,1,Positive
1195,1,Positive
1196,1,Positive
1197,1,Positive
1198,1,Positive
1199,1,Positive
1200,1,Positive
1201,1,Positive
1202,1,Positive
1203,0,Negative
1204,1,Positive
1205,1,Positive
1206,1,Positive
1207,1,Positive
1208,1,Positive
1209,1,Positive
1210,1,Positive
1211,1,Positive
1212,1,Positive
1213,1,Positive
1214,1,Positive
1215,1,Positive
1216,1,Positive
1217,1,Positive
1218,1,Positive
1219,1,Positive
1220,1,Positive
1221,1,Positive
1222,1,Positive
1223,1,Positive
1224,1,Positive
1225,1,Positive
1226,1,Positive
1227,1,Positive
1228,1,Positive
1229,1,Positive
1230,0,Negative
1231,1,Positive
1232,1,Positive
1233,1,Positive
1234,1,Positive
1235,1,Positive
1236,1,Positive
1237,0,Negative
1238,0,Negative
1239,1,Positive
1240,1,Positive
1241,1,Positive
1242,1,Positive
1243,1,Positive
1244,1,Positive
1245,1,Positive
1246,1,Positive
1247,1,Positive
1248,1,Positive
1249,1,Positive
1250,1,Positive
1251,1,Positive
1252,1,Positive
1253,1,Positive
1254,1,Positive
1255,1,Positive
1256,1,Positive
1257,1,Positive
1258,1,Positive
1259,1,Positive
1260,1,Positive
1261,1,Positive
1262,1,Positive
1263,1,Positive
1264,1,Positive
1265,0,Negative
1266,1,Positive
1267,1,Positive
1268,0,Negative
1269,1,Positive
1270,1,Positive
1271,1,Positive
1272,1,Positive
1273,1,Positive
1274,1,Positive
1275,1,Positive
1276,1,Positive
1277,1,Positive
1278,1,Positive
1279,1,Positive
1280,1,Positive
1281,0,Negative
1282,1,Positive
1283,0,Negative
1284,0,Negative
1285,1,Positive
1286,0,Negative
1287,1,Positive
1288,0,Negative
1289,1,Positive
1290,1,Positive
1291,1,Positive
1292,1,Positive
1293,1,Positive
1294,1,Positive
1295,1,Positive
1296,1,Positive
1297,1,Positive
1298,1,Positive
1299,1,Positive
1300,1,Positive
1301,1,Positive
1302,0,Negative
1303,1,Positive
1304,1,Positive
1305,1,Positive
1306,1,Positive
1307,1,Positive
1308,1,Positive
1309,1,Positive
1310,1,Positive
1311,1,Positive
1312,1,Positive
1313,1,Positive
1314,1,Positive
1315,0,Negative
1316,1,Positive
1317,1,Positive
1318,1,Positive
1319,1,Positive
1320,1,Positive
1321,1,Positive
1322,1,Positive
1323,1,Positive
1324,1,Positive
1325,1,Positive
1326,0,Negative
1327,1,Positive
1328,1,Positive
1329,1,Positive
1330,1,Positive
1331,1,Positive
1332,1,Positive
1333,1,Positive
1334,1,Positive
1335,1,Positive
1336,1,Positive
1337,1,Positive
1338,1,Positive
1339,1,Positive
1340,1,Positive
1341,1,Positive
1342,1,Positive
1343,1,Positive
1344,1,Positive
1345,1,Positive
1346,1,Positive
1347,1,Positive
1348,1,Positive
1349,1,Positive
1350,1,Positive
1351,1,Positive
1352,1,Positive
1353,1,Positive
1354,0,Negative
1355,1,Positive
1356,1,Positive
1357,1,Positive
1358,1,Positive
1359,1,Positive
1360,1,Positive
1361,1,Positive
1362,1,Positive
1363,1,Positive
1364,1,Positive
1365,1,Positive
1366,1,Positive
1367,1,Positive
1368,1,Positive
1369,1,Positive
1370,0,Negative
1371,1,Positive
1372,1,Positive
1373,0,Negative
1374,1,Positive
1375,1,Positive
1376,0,Negative
1377,1,Positive
1378,1,Positive
1379,1,Positive
1380,1,Positive
1381,1,Positive
1382,1,Positive
1383,1,Positive
1384,1,Positive
1385,1,Positive
1386,1,Positive
1387,1,Positive
1388,1,Positive
1389,1,Positive
1390,1,Positive
1391,1,Positive
1392,1,Positive
1393,1,Positive
1394,1,Positive
1395,1,Positive
1396,1,Positive
1397,1,Positive
1398,0,Negative
1399,1,Positive
1400,0,Negative
1401,1,Positive
1402,1,Positive
1403,1,Positive
1404,1,Positive
1405,1,Positive
1406,1,Positive
1407,1,Positive
1408,1,Positive
1409,1,Positive
1410,1,Positive
1411,1,Positive
1412,0,Negative
1413,0,Negative
1414,1,Positive
1415,1,Positive
1416,1,Positive
1417,1,Positive
1418,1,Positive
1419,1,Positive
1420,0,Negative
1421,1,Positive
1422,1,Positive
1423,1,Positive
1424,0,Negative
1425,1,Positive
1426,1,Positive
1427,1,Positive
1428,1,Positive
1429,1,Positive
1430,1,Positive
1431,0,Negative
1432,1,Positive
1433,1,Positive
1434,1,Positive
1435,1,Positive
1436,1,Positive
1437,1,Positive
1438,1,Positive
1439,1,Positive
1440,1,Positive
1441,1,Positive
1442,1,Positive
1443,1,Positive
1444,1,Positive
1445,1,Positive
1446,1,Positive
1447,1,Positive
1448,1,Positive
1449,1,Positive
1450,1,Positive
1451,1,Positive
1452,1,Positive
1453,1,Positive
1454,1,Positive
1455,1,Positive
1456,1,Positive
1457,1,Positive
1458,1,Positive
1459,1,Positive
1460,1,Positive
1461,0,Negative
1462,1,Positive
1463,1,Positive
1464,1,Positive
1465,1,Positive
1466,1,Positive
1467,1,Positive
1468,1,Positive
1469,1,Positive
1470,0,Negative
1471,1,Positive
1472,0,Negative
1473,1,Positive
1474,0,Negative
1475,1,Positive
1476,0,Negative
1477,1,Positive
1478,1,Positive
1479,0,Negative
1480,1,Positive
1481,1,Positive
1482,1,Positive
1483,1,Positive
1484,1,Positive
1485,1,Positive
1486,1,Positive
1487,1,Positive
1488,1,Positive
1489,1,Positive
1490,1,Positive
1491,0,Negative
1492,1,Positive
1493,1,Positive
1494,1,Positive
1495,1,Positive
1496,1,Positive
1497,1,Positive
1498,1,Positive
1499,1,Positive
1500,1,Positive
1501,1,Positive
1502,1,Positive
1503,1,Positive
1504,1,Positive
1505,1,Positive
1506,1,Positive
1507,1,Positive
1508,1,Positive
1509,1,Positive
1510,1,Positive
1511,1,Positive
1512,0,Negative
1513,1,Positive
1514,1,Positive
1515,1,Positive
1516,1,Positive
1517,1,Positive
1518,0,Negative
1519,1,Positive
1520,1,Positive
1521,1,Positive
1522,1,Positive
1523,1,Positive
1524,1,Positive
1525,1,Positive
1526,1,Positive
1527,1,Positive
1528,1,Positive
1529,1,Positive
1530,1,Positive
1531,1,Positive
1532,1,Positive
1533,1,Positive
1534,1,Positive
1535,1,Positive
1536,1,Positive
1537,1,Positive
1538,1,Positive
1539,1,Positive
1540,1,Positive
1541,1,Positive
1542,1,Positive
1543,1,Positive
1544,0,Negative
1545,1,Positive
1546,0,Negative
1547,1,Positive
1548,1,Positive
1549,1,Positive
1550,1,Positive
1551,1,Positive
1552,1,Positive
1553,1,Positive
1554,1,Positive
1555,1,Positive
1556,1,Positive
1557,1,Positive
1558,1,Positive
1559,1,Positive
1560,1,Positive
1561,1,Positive
1562,1,Positive
1563,1,Positive
1564,1,Positive
1565,1,Positive
1566,1,Positive
1567,1,Positive
1568,1,Positive
1569,1,Positive
1570,1,Positive
1571,1,Positive
1572,1,Positive
1573,1,Positive
1574,1,Positive
1575,1,Positive
1576,1,Positive
1577,1,Positive
1578,1,Positive
1579,1,Positive
1580,0,Negative
1581,1,Positive
1582,1,Positive
1583,1,Positive
1584,1,Positive
1585,1,Positive
1586,1,Positive
1587,1,Positive
1588,1,Positive
1589,1,Positive
1590,0,Negative
1591,1,Positive
1592,1,Positive
1593,1,Positive
1594,1,Positive
1595,1,Positive
1596,1,Positive
1597,1,Positive
1598,1,Positive
1599,1,Positive
1600,1,Positive
1601,1,Positive
1602,1,Positive
1603,1,Positive
1604,1,Positive
1605,1,Positive
1606,1,Positive
1607,1,Positive
1608,1,Positive
1609,1,Positive
1610,1,Positive
1611,1,Positive
1612,1,Positive
1613,1,Positive
1614,1,Positive
1615,1,Positive
1616,1,Positive
1617,1,Positive
1618,1,Positive
1619,1,Positive
1620,1,Positive
1621,1,Positive
1622,1,Positive
1623,1,Positive
1624,0,Negative
1625,0,Negative
1626,1,Positive
1627,1,Positive
1628,1,Positive
1629,1,Positive
1630,1,Positive
1631,1,Positive
1632,1,Positive
1633,1,Positive
1634,1,Positive
1635,1,Positive
1636,1,Positive
1637,1,Positive
1638,1,Positive
1639,0,Negative
1640,1,Positive
1641,1,Positive
1642,1,Positive
1643,1,Positive
1644,1,Positive
1645,1,Positive
1646,1,Positive
1647,1,Positive
1648,1,Positive
1649,1,Positive
1650,1,Positive
1651,1,Positive
1652,1,Positive
1653,1,Positive
1654,1,Positive
1655,1,Positive
1656,1,Positive
1657,1,Positive
1658,1,Positive
1659,1,Positive
1660,1,Positive
1661,1,Positive
1662,1,Positive
1663,1,Positive
1664,1,Positive
1665,1,Positive
1666,1,Positive
1667,1,Positive
1668,1,Positive
1669,1,Positive
1670,1,Positive
1671,1,Positive
1672,1,Positive
1673,1,Positive
1674,0,Negative
1675,1,Positive
1676,1,Positive
1677,1,Positive
1678,1,Positive
1679,1,Positive
1680,1,Positive
1681,1,Positive
1682,1,Positive
1683,1,Positive
1684,1,Positive
1685,1,Positive
1686,1,Positive
1687,1,Positive
1688,1,Positive
1689,1,Positive
1690,0,Negative
1691,1,Positive
1692,1,Positive
1693,1,Positive
1694,1,Positive
1695,1,Positive
1696,1,Positive
1697,1,Positive
1698,0,Negative
1699,1,Positive
1700,1,Positive
1701,1,Positive
1702,1,Positive
1703,1,Positive
1704,1,Positive
1705,1,Positive
1706,1,Positive
1707,1,Positive
1708,1,Positive
1709,1,Positive
1710,1,Positive
1711,1,Positive
1712,1,Positive
1713,0,Negative
1714,1,Positive
1715,0,Negative
1716,1,Positive
1717,1,Positive
1718,1,Positive
1719,1,Positive
1720,1,Positive
1721,1,Positive
1722,1,Positive
1723,1,Positive
1724,1,Positive
1725,1,Positive
1726,1,Positive
1727,1,Positive
1728,1,Positive
1729,1,Positive
1730,1,Positive
1731,1,Positive
1732,1,Positive
1733,1,Positive
1734,1,Positive
1735,1,Positive
1736,1,Positive
1737,1,Positive
1738,1,Positive
1739,1,Positive
1740,1,Positive
1741,1,Positive
1742,1,Positive
1743,1,Positive
1744,1,Positive
1745,1,Positive
1746,1,Positive
1747,1,Positive
1748,1,Positive
1749,1,Positive
1750,1,Positive
1751,1,Positive
1752,1,Positive
1753,1,Positive
1754,0,Negative
1755,1,Positive
1756,1,Positive
1757,1,Positive
1758,1,Positive
1759,1,Positive
1760,1,Positive
1761,1,Positive
1762,1,Positive
1763,1,Positive
1764,1,Positive
1765,1,Positive
1766,1,Positive
1767,1,Positive
1768,1,Positive
1769,1,Positive
1770,1,Positive
1771,1,Positive
1772,1,Positive
1773,1,Positive
1774,1,Positive
1775,1,Positive
1776,1,Positive
1777,1,Positive
1778,1,Positive
1779,1,Positive
1780,1,Positive
1781,1,Positive
1782,1,Positive
1783,1,Positive
1784,1,Positive
1785,0,Negative
1786,1,Positive
1787,1,Positive
1788,1,Positive
1789,1,Positive
1790,1,Positive
1791,1,Positive
1792,1,Positive
1793,1,Positive
1794,1,Positive
1795,1,Positive
1796,1,Positive
1797,1,Positive
1798,1,Positive
1799,1,Positive
1800,0,Negative
1801,1,Positive
1802,1,Positive
1803,1,Positive
1804,1,Positive
1805,1,Positive
1806,0,Negative
1807,1,Positive
1808,1,Positive
1809,0,Negative
1810,1,Positive
1811,1,Positive
1812,1,Positive
1813,1,Positive
1814,1,Positive
1815,1,Positive
1816,1,Positive
1817,1,Positive
1818,1,Positive
1819,1,Positive
1820,1,Positive
1821,1,Positive
1822,0,Negative
1823,1,Positive
1824,1,Positive
1825,1,Positive
1826,1,Positive
1827,1,Positive
1828,1,Positive
1829,1,Positive
1830,1,Positive
1831,1,Positive
1832,1,Positive
1833,1,Positive
1834,1,Positive
1835,1,Positive
1836,1,Positive
1837,1,Positive
1838,1,Positive
1839,1,Positive
1840,1,Positive
1841,1,Positive
1842,1,Positive
1843,1,Positive
1844,1,Positive
1845,1,Positive
1846,1,Positive
1847,1,Positive
1848,1,Positive
1849,1,Positive
1850,1,Positive
1851,1,Positive
1852,1,Positive
1853,1,Positive
1854,1,Positive
1855,1,Positive
1856,1,Positive
1857,1,Positive
1858,1,Positive
1859,1,Positive
1860,1,Positive
1861,0,Negative
1862,1,Positive
1863,1,Positive
1864,1,Positive
1865,1,Positive
1866,1,Positive
1867,1,Positive
1868,1,Positive
1869,1,Positive
1870,1,Positive
1871,1,Positive
1872,1,Positive
1873,0,Negative
1874,1,Positive
1875,0,Negative
1876,1,Positive
1877,1,Positive
1878,1,Positive
1879,1,Positive
1880,0,Negative
1881,1,Positive
1882,1,Positive
1883,1,Positive
1884,1,Positive
1885,1,Positive
1886,1,Positive
1887,1,Positive
1888,1,Positive
1889,1,Positive
1890,1,Positive
1891,1,Positive
1892,1,Positive
1893,1,Positive
1894,1,Positive
1895,1,Positive
1896,1,Positive
1897,1,Positive
1898,0,Negative
1899,0,Negative
1900,1,Positive
1901,1,Positive
1902,1,Positive
1903,1,Positive
1904,0,Negative
1905,0,Negative
1906,1,Positive
1907,1,Positive
1908,0,Negative
1909,0,Negative
1910,0,Negative
1911,0,Negative
1912,1,Positive
1913,1,Positive
1914,1,Positive
1915,1,Positive
1916,1,Positive
1917,1,Positive
1918,1,Positive
1919,1,Positive
1920,1,Positive
1921,1,Positive
1922,1,Positive
1923,1,Positive
1924,1,Positive
1925,1,Positive
1926,1,Positive
1927,1,Positive
1928,1,Positive
1929,1,Positive
1930,1,Positive
1931,1,Positive
1932,1,Positive
1933,1,Positive
1934,1,Positive
1935,1,Positive
1936,1,Positive
1937,1,Positive
1938,0,Negative
1939,1,Positive
1940,1,Positive
1941,1,Positive
1942,1,Positive
1943,1,Positive
1944,1,Positive
1945,1,Positive
1946,0,Negative
1947,1,Positive
1948,1,Positive
1949,1,Positive
1950,1,Positive
1951,1,Positive
1952,1,Positive
1953,1,Positive
1954,1,Positive
1955,0,Negative
1956,1,Positive
1957,1,Positive
1958,1,Positive
1959,0,Negative
1960,1,Positive
1961,1,Positive
1962,0,Negative
1963,1,Positive
1964,1,Positive
1965,1,Positive
1966,1,Positive
1967,1,Positive
1968,1,Positive
1969,1,Positive
1970,1,Positive
1971,1,Positive
1972,1,Positive
1973,0,Negative
1974,1,Positive
1975,1,Positive
1976,1,Positive
1977,0,Negative
1978,1,Positive
1979,1,Positive
1980,1,Positive
1981,1,Positive
1982,1,Positive
1983,1,Positive
1984,1,Positive
1985,1,Positive
1986,1,Positive
1987,1,Positive
1988,0,Negative
1989,1,Positive
1990,1,Positive
1991,1,Positive
1992,1,Positive
1993,1,Positive
1994,1,Positive
1995,1,Positive
1996,1,Positive
1997,1,Positive
1998,1,Positive
1999,1,Positive
2000,1,Positive
2001,1,Positive
2002,1,Positive
2003,0,Negative
2004,1,Positive
2005,1,Positive
2006,1,Positive
2007,1,Positive
2008,1,Positive
2009,1,Positive
2010,1,Positive
2011,1,Positive
2012,1,Positive
2013,1,Positive
2014,1,Positive
2015,1,Positive
2016,1,Positive
2017,1,Positive
2018,1,Positive
2019,1,Positive
2020,1,Positive
2021,1,Positive
2022,1,Positive
2023,1,Positive
2024,1,Positive
2025,1,Positive
2026,1,Positive
2027,1,Positive
2028,1,Positive
2029,1,Positive
2030,1,Positive
2031,1,Positive
2032,1,Positive
2033,1,Positive
2034,1,Positive
2035,1,Positive
2036,1,Positive
2037,1,Positive
2038,1,Positive
2039,1,Positive
2040,1,Positive
2041,1,Positive
2042,1,Positive
2043,1,Positive
2044,1,Positive
2045,1,Positive
2046,1,Positive
2047,1,Positive
2048,1,Positive
2049,1,Positive
2050,1,Positive
2051,1,Positive
2052,1,Positive
2053,1,Positive
2054,1,Positive
2055,1,Positive
2056,1,Positive
2057,1,Positive
2058,1,Positive
2059,1,Positive
2060,1,Positive
2061,1,Positive
2062,1,Positive
2063,1,Positive
2064,1,Positive
2065,1,Positive
2066,0,Negative
2067,1,Positive
2068,0,Negative
2069,1,Positive
2070,1,Positive
2071,1,Positive
2072,1,Positive
2073,1,Positive
2074,1,Positive
2075,1,Positive
2076,1,Positive
2077,1,Positive
2078,1,Positive
2079,1,Positive
2080,1,Positive
2081,1,Positive
2082,1,Positive
2083,1,Positive
2084,1,Positive
2085,1,Positive
2086,1,Positive
2087,1,Positive
2088,1,Positive
2089,1,Positive
2090,1,Positive
2091,1,Positive
2092,1,Positive
2093,1,Positive
2094,1,Positive
2095,1,Positive
2096,1,Positive
2097,1,Positive
2098,1,Positive
2099,1,Positive
2100,1,Positive
2101,1,Positive
2102,1,Positive
2103,1,Positive
2104,1,Positive
2105,1,Positive
2106,1,Positive
2107,1,Positive
2108,1,Positive
2109,1,Positive
2110,1,Positive
2111,1,Positive
2112,1,Positive
2113,1,Positive
2114,1,Positive
2115,1,Positive
2116,1,Positive
2117,1,Positive
2118,1,Positive
2119,1,Positive
2120,1,Positive
2121,1,Positive
2122,1,Positive
2123,1,Positive
2124,1,Positive
2125,1,Positive
2126,1,Positive
2127,1,Positive
2128,1,Positive
2129,1,Positive
2130,1,Positive
2131,1,Positive
2132,1,Positive
2133,1,Positive
2134,1,Positive
2135,1,Positive
2136,1,Positive
2137,1,Positive
2138,1,Positive
2139,1,Positive
2140,1,Positive
2141,0,Negative
2142,1,Positive
2143,1,Positive
2144,1,Positive
2145,1,Positive
2146,1,Positive
2147,1,Positive
2148,0,Negative
2149,0,Negative
2150,1,Positive
2151,1,Positive
2152,1,Positive
2153,1,Positive
2154,1,Positive
2155,1,Positive
2156,1,Positive
2157,1,Positive
2158,1,Positive
2159,1,Positive
2160,1,Positive
2161,1,Positive
2162,1,Positive
2163,1,Positive
2164,1,Positive
2165,1,Positive
2166,1,Positive
2167,1,Positive
2168,1,Positive
2169,1,Positive
2170,1,Positive
2171,1,Positive
2172,1,Positive
2173,1,Positive
2174,1,Positive
2175,0,Negative
2176,1,Positive
2177,1,Positive
2178,1,Positive
2179,1,Positive
2180,0,Negative
2181,1,Positive
2182,1,Positive
2183,1,Positive
2184,1,Positive
2185,1,Positive
2186,1,Positive
2187,1,Positive
2188,1,Positive
2189,1,Positive
2190,1,Positive
2191,1,Positive
2192,1,Positive
2193,1,Positive
2194,1,Positive
2195,1,Positive
2196,1,Positive
2197,1,Positive
2198,1,Positive
2199,1,Positive
2200,1,Positive
2201,1,Positive
2202,1,Positive
2203,1,Positive
2204,1,Positive
2205,1,Positive
2206,1,Positive
2207,1,Positive
2208,1,Positive
2209,1,Positive
2210,1,Positive
2211,1,Positive
2212,1,Positive
2213,1,Positive
2214,1,Positive
2215,1,Positive
2216,1,Positive
2217,1,Positive
2218,1,Positive
2219,1,Positive
2220,1,Positive
2221,1,Positive
2222,0,Negative
2223,1,Positive
2224,1,Positive
2225,1,Positive
2226,1,Positive
2227,1,Positive
2228,1,Positive
2229,1,Positive
2230,1,Positive
2231,1,Positive
2232,1,Positive
2233,1,Positive
2234,1,Positive
2235,1,Positive
2236,1,Positive
2237,1,Positive
2238,1,Positive
2239,1,Positive
2240,1,Positive
2241,1,Positive
2242,0,Negative
2243,1,Positive
2244,0,Negative
2245,1,Positive
2246,1,Positive
2247,1,Positive
2248,1,Positive
2249,1,Positive
2250,1,Positive
2251,1,Positive
2252,1,Positive
2253,1,Positive
2254,1,Positive
2255,1,Positive
2256,1,Positive
2257,1,Positive
2258,1,Positive
2259,1,Positive
2260,1,Positive
2261,0,Negative
2262,1,Positive
2263,1,Positive
2264,0,Negative
2265,1,Positive
2266,1,Positive
2267,1,Positive
2268,1,Positive
2269,1,Positive
2270,1,Positive
2271,1,Positive
2272,1,Positive
2273,1,Positive
2274,1,Positive
2275,0,Negative
2276,1,Positive
2277,1,Positive
2278,1,Positive
2279,1,Positive
2280,1,Positive
2281,1,Positive
2282,1,Positive
2283,1,Positive
2284,1,Positive
2285,1,Positive
2286,1,Positive
2287,1,Positive
2288,1,Positive
2289,1,Positive
2290,1,Positive
2291,1,Positive
2292,1,Positive
2293,1,Positive
2294,1,Positive
2295,1,Positive
2296,0,Negative
2297,1,Positive
2298,1,Positive
2299,1,Positive
2300,1,Positive
2301,1,Positive
2302,1,Positive
2303,1,Positive
2304,1,Positive
2305,1,Positive
2306,1,Positive
2307,0,Negative
2308,1,Positive
2309,1,Positive
2310,1,Positive
2311,1,Positive
2312,1,Positive
2313,1,Positive
2314,1,Positive
2315,1,Positive
2316,1,Positive
2317,1,Positive
2318,1,Positive
2319,1,Positive
2320,1,Positive
2321,1,Positive
2322,1,Positive
2323,1,Positive
2324,1,Positive
2325,1,Positive
2326,1,Positive
2327,1,Positive
2328,1,Positive
2329,1,Positive
2330,1,Positive
2331,1,Positive
2332,1,Positive
2333,1,Positive
2334,1,Positive
2335,1,Positive
2336,1,Positive
2337,1,Positive
2338,1,Positive
2339,1,Positive
2340,1,Positive
2341,1,Positive
2342,1,Positive
2343,1,Positive
2344,1,Positive
2345,1,Positive
2346,1,Positive
2347,1,Positive
2348,1,Positive
2349,1,Positive
2350,1,Positive
2351,1,Positive
2352,1,Positive
2353,1,Positive
2354,1,Positive
2355,1,Positive
2356,1,Positive
2357,1,Positive
2358,1,Positive
2359,1,Positive
2360,0,Negative
2361,1,Positive
2362,1,Positive
2363,1,Positive
2364,0,Negative
2365,1,Positive
2366,1,Positive
2367,1,Positive
2368,1,Positive
2369,1,Positive
2370,1,Positive
2371,1,Positive
2372,1,Positive
2373,1,Positive
2374,1,Positive
2375,1,Positive
2376,1,Positive
2377,1,Positive
2378,1,Positive
2379,1,Positive
2380,1,Positive
2381,1,Positive
2382,0,Negative
2383,1,Positive
2384,1,Positive
2385,0,Negative
2386,1,Positive
2387,1,Positive
2388,1,Positive
2389,1,Positive
2390,1,Positive
2391,1,Positive
2392,1,Positive
2393,0,Negative
2394,1,Positive
2395,1,Positive
2396,0,Negative
2397,1,Positive
2398,1,Positive
2399,1,Positive
2400,1,Positive
2401,1,Positive
2402,1,Positive
2403,0,Negative
2404,1,Positive
2405,1,Positive
2406,1,Positive
2407,1,Positive
2408,1,Positive
2409,1,Positive
2410,1,Positive
2411,1,Positive
2412,1,Positive
2413,1,Positive
2414,1,Positive
2415,1,Positive
2416,1,Positive
2417,1,Positive
2418,1,Positive
2419,1,Positive
2420,1,Positive
2421,1,Positive
2422,0,Negative
2423,1,Positive
2424,1,Positive
2425,1,Positive
2426,1,Positive
2427,1,Positive
2428,1,Positive
2429,1,Positive
2430,1,Positive
2431,0,Negative
2432,1,Positive
2433,0,Negative
2434,1,Positive
2435,1,Positive
2436,1,Positive
2437,1,Positive
2438,1,Positive
2439,1,Positive
2440,1,Positive
2441,1,Positive
2442,1,Positive
2443,1,Positive
2444,1,Positive
2445,1,Positive
2446,1,Positive
2447,1,Positive
2448,1,Positive
2449,1,Positive
2450,1,Positive
2451,1,Positive
2452,1,Positive
2453,0,Negative
2454,1,Positive
2455,1,Positive
2456,1,Positive
2457,1,Positive
2458,1,Positive
2459,1,Positive
2460,1,Positive
2461,1,Positive
2462,1,Positive
2463,1,Positive
2464,0,Negative
2465,1,Positive
2466,1,Positive
2467,0,Negative
2468,1,Positive
2469,1,Positive
2470,1,Positive
2471,1,Positive
2472,1,Positive
2473,1,Positive
2474,1,Positive
2475,1,Positive
2476,1,Positive
2477,1,Positive
2478,1,Positive
2479,1,Positive
2480,1,Positive
2481,1,Positive
2482,1,Positive
2483,1,Positive
2484,1,Positive
2485,1,Positive
2486,1,Positive
2487,1,Positive
2488,1,Positive
2489,1,Positive
2490,1,Positive
2491,1,Positive
2492,0,Negative
2493,1,Positive
2494,1,Positive
2495,1,Positive
2496,1,Positive
2497,1,Positive
2498,1,Positive
2499,1,Positive
2500,1,Positive
2501,1,Positive
2502,1,Positive
2503,1,Positive
2504,0,Negative
2505,1,Positive
2506,1,Positive
2507,1,Positive
2508,1,Positive
2509,1,Positive
2510,1,Positive
2511,1,Positive
2512,1,Positive
2513,0,Negative
2514,1,Positive
2515,1,Positive
2516,1,Positive
2517,1,Positive
2518,1,Positive
2519,1,Positive
2520,1,Positive
2521,1,Positive
2522,1,Positive
2523,1,Positive
2524,1,Positive
2525,1,Positive
2526,1,Positive
2527,1,Positive
2528,1,Positive
2529,1,Positive
2530,1,Positive
2531,1,Positive
2532,1,Positive
2533,1,Positive
2534,1,Positive
2535,1,Positive
2536,1,Positive
2537,1,Positive
2538,1,Positive
2539,1,Positive
2540,1,Positive
2541,1,Positive
2542,1,Positive
2543,1,Positive
2544,1,Positive
2545,1,Positive
2546,1,Positive
2547,1,Positive
2548,1,Positive
2549,0,Negative
2550,1,Positive
2551,0,Negative
2552,0,Negative
2553,1,Positive
2554,1,Positive
2555,1,Positive
2556,1,Positive
2557,1,Positive
2558,1,Positive
2559,1,Positive
2560,1,Positive
2561,1,Positive
2562,1,Positive
2563,1,Positive
2564,1,Positive
2565,1,Positive
2566,1,Positive
2567,1,Positive
2568,1,Positive
2569,1,Positive
2570,1,Positive
2571,1,Positive
2572,1,Positive
2573,1,Positive
2574,1,Positive
2575,1,Positive
2576,1,Positive
2577,0,Negative
2578,1,Positive
2579,1,Positive
2580,0,Negative
2581,1,Positive
2582,0,Negative
2583,1,Positive
2584,1,Positive
2585,1,Positive
2586,1,Positive
2587,1,Positive
2588,1,Positive
2589,1,Positive
2590,1,Positive
2591,0,Negative
2592,1,Positive
2593,1,Positive
2594,0,Negative
2595,1,Positive
2596,1,Positive
2597,1,Positive
2598,1,Positive
2599,1,Positive
2600,1,Positive
2601,1,Positive
2602,1,Positive
2603,1,Positive
2604,1,Positive
2605,1,Positive
2606,0,Negative
2607,1,Positive
2608,1,Positive
2609,1,Positive
2610,1,Positive
2611,1,Positive
2612,1,Positive
2613,1,Positive
2614,1,Positive
2615,1,Positive
2616,1,Positive
2617,1,Positive
2618,1,Positive
2619,1,Positive
2620,1,Positive
2621,1,Positive
2622,1,Positive
2623,1,Positive
2624,1,Positive
2625,1,Positive
2626,1,Positive
2627,1,Positive
2628,1,Positive
2629,1,Positive
2630,1,Positive
2631,1,Positive
2632,1,Positive
2633,1,Positive
2634,1,Positive
2635,1,Positive
2636,1,Positive
2637,1,Positive
2638,1,Positive
2639,1,Positive
2640,1,Positive
2641,1,Positive
2642,1,Positive
2643,0,Negative
2644,1,Positive
2645,1,Positive
2646,1,Positive
2647,1,Positive
2648,1,Positive
2649,1,Positive
2650,1,Positive
2651,1,Positive
2652,1,Positive
2653,1,Positive
2654,1,Positive
2655,1,Positive
2656,1,Positive
2657,1,Positive
2658,1,Positive
2659,1,Positive
2660,1,Positive
2661,1,Positive
2662,1,Positive
2663,1,Positive
2664,1,Positive
2665,1,Positive
2666,1,Positive
2667,1,Positive
2668,1,Positive
2669,1,Positive
2670,1,Positive
2671,1,Positive
2672,1,Positive
2673,1,Positive
2674,1,Positive
2675,1,Positive
2676,1,Positive
2677,1,Positive
2678,1,Positive
2679,1,Positive
2680,1,Positive
2681,0,Negative
2682,1,Positive
2683,1,Positive
2684,1,Positive
2685,1,Positive
2686,1,Positive
2687,1,Positive
2688,1,Positive
2689,1,Positive
2690,1,Positive
2691,1,Positive
2692,1,Positive
2693,1,Positive
2694,1,Positive
2695,1,Positive
2696,1,Positive
2697,1,Positive
2698,1,Positive
2699,1,Positive
2700,1,Positive
2701,1,Positive
2702,1,Positive
2703,1,Positive
2704,1,Positive
2705,1,Positive
2706,1,Positive
2707,0,Negative
2708,1,Positive
2709,1,Positive
2710,1,Positive
2711,1,Positive
2712,1,Positive
2713,1,Positive
2714,1,Positive
2715,1,Positive
2716,1,Positive
2717,1,Positive
2718,0,Negative
2719,1,Positive
2720,1,Positive
2721,1,Positive
2722,1,Positive
2723,1,Positive
2724,1,Positive
2725,1,Positive
2726,1,Positive
2727,1,Positive
2728,1,Positive
2729,1,Positive
2730,1,Positive
2731,1,Positive
2732,1,Positive
2733,1,Positive
2734,1,Positive
2735,1,Positive
2736,1,Positive
2737,1,Positive
2738,1,Positive
2739,1,Positive
2740,1,Positive
2741,1,Positive
2742,1,Positive
2743,1,Positive
2744,1,Positive
2745,1,Positive
2746,1,Positive
2747,1,Positive
2748,1,Positive
2749,1,Positive
2750,1,Positive
2751,1,Positive
2752,1,Positive
2753,1,Positive
2754,1,Positive
2755,1,Positive
2756,1,Positive
2757,1,Positive
2758,0,Negative
2759,1,Positive
2760,1,Positive
2761,1,Positive
2762,1,Positive
2763,1,Positive
2764,1,Positive
2765,1,Positive
2766,1,Positive
2767,1,Positive
2768,1,Positive
2769,1,Positive
2770,1,Positive
2771,1,Positive
2772,1,Positive
2773,1,Positive
2774,1,Positive
2775,1,Positive
2776,1,Positive
2777,1,Positive
2778,1,Positive
2779,1,Positive
2780,1,Positive
2781,1,Positive
2782,1,Positive
2783,1,Positive
2784,0,Negative
2785,1,Positive
2786,1,Positive
2787,1,Positive
2788,1,Positive
2789,1,Positive
2790,1,Positive
2791,1,Positive
2792,1,Positive
2793,1,Positive
2794,1,Positive
2795,1,Positive
2796,1,Positive
2797,1,Positive
2798,1,Positive
2799,1,Positive
2800,1,Positive
2801,1,Positive
2802,1,Positive
2803,1,Positive
2804,1,Positive
2805,1,Positive
2806,1,Positive
2807,1,Positive
2808,1,Positive
2809,1,Positive
2810,1,Positive
2811,1,Positive
2812,1,Positive
2813,1,Positive
2814,1,Positive
2815,1,Positive
2816,1,Positive
2817,1,Positive
2818,1,Positive
2819,1,Positive
2820,1,Positive
2821,1,Positive
2822,1,Positive
2823,1,Positive
2824,1,Positive
2825,1,Positive
2826,1,Positive
2827,1,Positive
2828,1,Positive
2829,1,Positive
2830,1,Positive
2831,1,Positive
2832,1,Positive
2833,1,Positive
2834,1,Positive
2835,1,Positive
2836,1,Positive
2837,1,Positive
2838,1,Positive
2839,1,Positive
2840,1,Positive
2841,1,Positive
2842,1,Positive
2843,0,Negative
2844,1,Positive
2845,1,Positive
2846,1,Positive
2847,1,Positive
2848,1,Positive
2849,1,Positive
2850,1,Positive
2851,1,Positive
2852,1,Positive
2853,1,Positive
2854,1,Positive
2855,1,Positive
2856,1,Positive
2857,1,Positive
2858,1,Positive
2859,1,Positive
2860,0,Negative
2861,1,Positive
2862,1,Positive
2863,1,Positive
2864,1,Positive
2865,1,Positive
2866,1,Positive
2867,1,Positive
2868,1,Positive
2869,1,Positive
2870,1,Positive
2871,1,Positive
2872,1,Positive
2873,1,Positive
2874,1,Positive
2875,1,Positive
2876,1,Positive
2877,1,Positive
2878,1,Positive
2879,1,Positive
2880,1,Positive
2881,1,Positive
2882,1,Positive
2883,1,Positive
2884,1,Positive
2885,1,Positive
2886,1,Positive
2887,1,Positive
2888,1,Positive
2889,1,Positive
2890,1,Positive
2891,1,Positive
2892,1,Positive
2893,1,Positive
2894,1,Positive
2895,1,Positive
2896,1,Positive
2897,1,Positive
2898,1,Positive
2899,1,Positive
2900,1,Positive
2901,1,Positive
2902,1,Positive
2903,1,Positive
2904,1,Positive
2905,0,Negative
2906,1,Positive
2907,1,Positive
2908,1,Positive
2909,1,Positive
2910,0,Negative
2911,1,Positive
2912,1,Positive
2913,1,Positive
2914,0,Negative
2915,1,Positive
2916,1,Positive
2917,1,Positive
2918,1,Positive
2919,1,Positive
2920,1,Positive
2921,1,Positive
2922,1,Positive
2923,1,Positive
2924,1,Positive
2925,1,Positive
2926,1,Positive
2927,1,Positive
2928,1,Positive
2929,1,Positive
2930,1,Positive
2931,1,Positive
2932,1,Positive
2933,1,Positive
2934,1,Positive
2935,1,Positive
2936,1,Positive
2937,1,Positive
2938,1,Positive
2939,1,Positive
2940,1,Positive
2941,1,Positive
2942,0,Negative
2943,1,Positive
2944,1,Positive
2945,1,Positive
2946,1,Positive
2947,1,Positive
2948,1,Positive
2949,0,Negative
2950,1,Positive
2951,1,Positive
2952,1,Positive
2953,1,Positive
2954,1,Positive
2955,1,Positive
2956,1,Positive
2957,1,Positive
2958,1,Positive
2959,0,Negative
2960,1,Positive
2961,1,Positive
2962,1,Positive
2963,1,Positive
2964,1,Positive
2965,0,Negative
2966,1,Positive
2967,1,Positive
2968,1,Positive
2969,1,Positive
2970,1,Positive
2971,1,Positive
2972,1,Positive
2973,1,Positive
2974,1,Positive
2975,1,Positive
2976,1,Positive
2977,1,Positive
2978,1,Positive
2979,1,Positive
2980,1,Positive
2981,1,Positive
2982,1,Positive
2983,1,Positive
2984,1,Positive
2985,1,Positive
2986,1,Positive
2987,1,Positive
2988,1,Positive
2989,1,Positive
2990,1,Positive
2991,1,Positive
2992,1,Positive
2993,1,Positive
2994,1,Positive
2995,1,Positive
2996,0,Negative
2997,1,Positive
2998,1,Positive
2999,1,Positive
3000,1,Positive
3001,1,Positive
3002,1,Positive
3003,1,Positive
3004,1,Positive
3005,1,Positive
3006,1,Positive
3007,1,Positive
3008,0,Negative
3009,1,Positive
3010,1,Positive
3011,1,Positive
3012,1,Positive
3013,1,Positive
3014,1,Positive
3015,1,Positive
3016,1,Positive
3017,1,Positive
3018,1,Positive
3019,1,Positive
3020,1,Positive
3021,1,Positive
3022,0,Negative
3023,1,Positive
3024,1,Positive
3025,1,Positive
3026,1,Positive
3027,1,Positive
3028,1,Positive
3029,1,Positive
3030,0,Negative
3031,1,Positive
3032,1,Positive
3033,1,Positive
3034,1,Positive
3035,1,Positive
3036,1,Positive
3037,1,Positive
3038,1,Positive
3039,1,Positive
3040,1,Positive
3041,1,Positive
3042,1,Positive
3043,1,Positive
3044,1,Positive
3045,1,Positive
3046,1,Positive
3047,1,Positive
3048,1,Positive
3049,1,Positive
3050,1,Positive
3051,1,Positive
3052,1,Positive
3053,1,Positive
3054,1,Positive
3055,1,Positive
3056,1,Positive
3057,0,Negative
3058,1,Positive
3059,1,Positive
3060,1,Positive
3061,1,Positive
3062,1,Positive
3063,1,Positive
3064,1,Positive
3065,1,Positive
3066,1,Positive
3067,1,Positive
3068,1,Positive
3069,1,Positive
3070,1,Positive
3071,1,Positive
3072,0,Negative
3073,1,Positive
3074,1,Positive
3075,1,Positive
3076,1,Positive
3077,1,Positive
3078,1,Positive
3079,1,Positive
3080,1,Positive
3081,1,Positive
3082,1,Positive
3083,1,Positive
3084,1,Positive
3085,1,Positive
3086,1,Positive
3087,1,Positive
3088,1,Positive
3089,1,Positive
3090,1,Positive
3091,1,Positive
3092,1,Positive
3093,1,Positive
3094,1,Positive
3095,1,Positive
3096,1,Positive
3097,1,Positive
3098,1,Positive
3099,1,Positive
3100,1,Positive
3101,1,Positive
3102,1,Positive
3103,1,Positive
3104,1,Positive
3105,1,Positive
3106,1,Positive
3107,1,Positive
3108,0,Negative
3109,1,Positive
3110,1,Positive
3111,1,Positive
3112,0,Negative
3113,1,Positive
3114,1,Positive
3115,0,Negative
3116,1,Positive
3117,1,Positive
3118,1,Positive
3119,1,Positive
3120,1,Positive
3121,1,Positive
3122,0,Negative
3123,1,Positive
3124,1,Positive
3125,1,Positive
3126,1,Positive
3127,1,Positive
3128,1,Positive
3129,1,Positive
3130,1,Positive
3131,1,Positive
3132,1,Positive
3133,1,Positive
3134,1,Positive
3135,1,Positive
3136,1,Positive
3137,1,Positive
3138,1,Positive
3139,1,Positive
3140,1,Positive
3141,1,Positive
3142,1,Positive
3143,1,Positive
3144,1,Positive
3145,1,Positive
3146,1,Positive
3147,1,Positive
3148,1,Positive
3149,1,Positive
3150,1,Positive
3151,1,Positive
3152,1,Positive
3153,1,Positive
3154,1,Positive
3155,1,Positive
3156,1,Positive
3157,1,Positive
3158,1,Positive
3159,1,Positive
3160,1,Positive
3161,1,Positive
3162,1,Positive
3163,1,Positive
3164,1,Positive
3165,1,Positive
3166,1,Positive
3167,0,Negative
3168,1,Positive
3169,1,Positive
3170,1,Positive
3171,1,Positive
3172,1,Positive
3173,1,Positive
3174,1,Positive
3175,1,Positive
3176,1,Positive
3177,1,Positive
3178,1,Positive
3179,1,Positive
3180,1,Positive
3181,1,Positive
3182,1,Positive
3183,1,Positive
3184,1,Positive
3185,1,Positive
3186,1,Positive
3187,1,Positive
3188,1,Positive
3189,1,Positive
3190,0,Negative
3191,1,Positive
3192,1,Positive
3193,1,Positive
3194,1,Positive
3195,1,Positive
3196,1,Positive
3197,1,Positive
3198,1,Positive
3199,1,Positive
3200,1,Positive
3201,1,Positive
3202,1,Positive
3203,1,Positive
3204,1,Positive
3205,1,Positive
3206,1,Positive
3207,1,Positive
3208,1,Positive
3209,0,Negative
3210,1,Positive
3211,1,Positive
3212,1,Positive
3213,1,Positive
3214,1,Positive
3215,1,Positive
3216,1,Positive
3217,1,Positive
3218,1,Positive
3219,0,Negative
3220,0,Negative
3221,1,Positive
3222,1,Positive
3223,1,Positive
3224,1,Positive
3225,1,Positive
3226,1,Positive
3227,1,Positive
3228,1,Positive
3229,1,Positive
3230,1,Positive
3231,1,Positive
3232,1,Positive
3233,1,Positive
3234,0,Negative
3235,1,Positive
3236,0,Negative
3237,0,Negative
3238,1,Positive
3239,1,Positive
3240,1,Positive
3241,0,Negative
3242,1,Positive
3243,1,Positive
3244,1,Positive
3245,1,Positive
3246,1,Positive
3247,1,Positive
3248,1,Positive
3249,1,Positive
3250,1,Positive
3251,1,Positive
3252,1,Positive
3253,1,Positive
3254,1,Positive
3255,1,Positive
3256,1,Positive
3257,1,Positive
3258,1,Positive
3259,1,Positive
3260,1,Positive
3261,1,Positive
3262,1,Positive
3263,1,Positive
3264,1,Positive
3265,1,Positive
3266,1,Positive
3267,1,Positive
3268,1,Positive
3269,1,Positive
3270,1,Positive
3271,1,Positive
3272,0,Negative
3273,1,Positive
3274,1,Positive
3275,1,Positive
3276,1,Positive
3277,1,Positive
3278,1,Positive
3279,1,Positive
3280,0,Negative
3281,1,Positive
3282,1,Positive
3283,1,Positive
3284,1,Positive
3285,0,Negative
3286,1,Positive
3287,0,Negative
3288,1,Positive
3289,1,Positive
3290,1,Positive
3291,1,Positive
3292,1,Positive
3293,0,Negative
3294,1,Positive
3295,1,Positive
3296,1,Positive
3297,1,Positive
3298,1,Positive
3299,1,Positive
3300,1,Positive
3301,1,Positive
3302,1,Positive
3303,1,Positive
3304,1,Positive
3305,1,Positive
3306,1,Positive
3307,1,Positive
3308,1,Positive
3309,1,Positive
3310,1,Positive
3311,0,Negative
3312,1,Positive
3313,1,Positive
3314,1,Positive
3315,1,Positive
3316,1,Positive
3317,1,Positive
3318,0,Negative
3319,1,Positive
3320,1,Positive
3321,1,Positive
3322,1,Positive
3323,1,Positive
3324,1,Positive
3325,1,Positive
3326,1,Positive
3327,1,Positive
3328,1,Positive
3329,1,Positive
3330,1,Positive
3331,1,Positive
3332,1,Positive
3333,1,Positive
3334,1,Positive
3335,1,Positive
3336,1,Positive
3337,1,Positive
3338,1,Positive
3339,1,Positive
3340,1,Positive
3341,1,Positive
3342,1,Positive
3343,1,Positive
3344,1,Positive
3345,1,Positive
3346,1,Positive
3347,1,Positive
3348,1,Positive
3349,1,Positive
3350,1,Positive
3351,1,Positive
3352,1,Positive
3353,1,Positive
3354,1,Positive
3355,1,Positive
3356,1,Positive
3357,1,Positive
3358,1,Positive
3359,1,Positive
3360,1,Positive
3361,1,Positive
3362,0,Negative
3363,0,Negative
3364,1,Positive
3365,0,Negative
3366,1,Positive
3367,1,Positive
3368,1,Positive
3369,1,Positive
3370,1,Positive
3371,1,Positive
3372,1,Positive
3373,1,Positive
3374,0,Negative
3375,1,Positive
3376,1,Positive
3377,1,Positive
3378,1,Positive
3379,1,Positive
3380,1,Positive
3381,1,Positive
3382,1,Positive
3383,1,Positive
3384,1,Positive
3385,1,Positive
3386,1,Positive
3387,1,Positive
3388,1,Positive
3389,1,Positive
3390,1,Positive
3391,1,Positive
3392,1,Positive
3393,1,Positive
3394,1,Positive
3395,1,Positive
3396,1,Positive
3397,1,Positive
3398,1,Positive
3399,1,Positive
3400,1,Positive
3401,1,Positive
3402,1,Positive
3403,0,Negative
3404,1,Positive
3405,1,Positive
3406,0,Negative
3407,1,Positive
3408,1,Positive
3409,0,Negative
3410,1,Positive
3411,1,Positive
3412,1,Positive
3413,1,Positive
3414,1,Positive
3415,1,Positive
3416,1,Positive
3417,1,Positive
3418,1,Positive
3419,1,Positive
3420,1,Positive
3421,1,Positive
3422,1,Positive
3423,1,Positive
3424,1,Positive
3425,1,Positive
3426,1,Positive
3427,1,Positive
3428,1,Positive
3429,1,Positive
3430,1,Positive
3431,0,Negative
3432,1,Positive
3433,0,Negative
3434,1,Positive
3435,0,Negative
3436,1,Positive
3437,1,Positive
3438,1,Positive
3439,1,Positive
3440,1,Positive
3441,1,Positive
3442,1,Positive
3443,1,Positive
3444,1,Positive
3445,1,Positive
3446,1,Positive
3447,1,Positive
3448,1,Positive
3449,0,Negative
3450,1,Positive
3451,1,Positive
3452,1,Positive
3453,1,Positive
3454,1,Positive
3455,1,Positive
3456,1,Positive
3457,1,Positive
3458,1,Positive
3459,1,Positive
3460,1,Positive
3461,1,Positive
3462,1,Positive
3463,1,Positive
3464,1,Positive
3465,1,Positive
3466,1,Positive
3467,1,Positive
3468,1,Positive
3469,0,Negative
3470,1,Positive
3471,1,Positive
3472,0,Negative
3473,1,Positive
3474,1,Positive
3475,1,Positive
3476,1,Positive
3477,1,Positive
3478,1,Positive
3479,1,Positive
3480,1,Positive
3481,1,Positive
3482,0,Negative
3483,1,Positive
3484,1,Positive
3485,1,Positive
3486,1,Positive
3487,1,Positive
3488,1,Positive
3489,1,Positive
3490,1,Positive
3491,1,Positive
3492,1,Positive
3493,1,Positive
3494,1,Positive
3495,1,Positive
3496,1,Positive
3497,1,Positive
3498,0,Negative
3499,1,Positive
3500,1,Positive
3501,1,Positive
3502,1,Positive
3503,1,Positive
3504,1,Positive
3505,1,Positive
3506,1,Positive
3507,1,Positive
3508,1,Positive
3509,1,Positive
3510,1,Positive
3511,1,Positive
3512,1,Positive
3513,1,Positive
3514,0,Negative
3515,1,Positive
3516,1,Positive
3517,1,Positive
3518,1,Positive
3519,1,Positive
3520,1,Positive
3521,1,Positive
3522,1,Positive
3523,0,Negative
3524,1,Positive
3525,1,Positive
3526,0,Negative
3527,1,Positive
3528,1,Positive
3529,0,Negative
3530,1,Positive
3531,1,Positive
3532,0,Negative
3533,1,Positive
3534,1,Positive
3535,1,Positive
3536,1,Positive
3537,1,Positive
3538,1,Positive
3539,1,Positive
3540,1,Positive
3541,1,Positive
3542,1,Positive
3543,1,Positive
3544,1,Positive
3545,1,Positive
3546,1,Positive
3547,1,Positive
3548,1,Positive
3549,1,Positive
3550,1,Positive
3551,1,Positive
3552,1,Positive
3553,1,Positive
3554,1,Positive
3555,1,Positive
3556,1,Positive
3557,1,Positive
3558,1,Positive
3559,1,Positive
3560,1,Positive
3561,1,Positive
3562,1,Positive
3563,1,Positive
3564,1,Positive
3565,1,Positive
3566,1,Positive
3567,1,Positive
3568,1,Positive
3569,1,Positive
3570,1,Positive
3571,0,Negative
3572,1,Positive
3573,1,Positive
3574,1,Positive
3575,0,Negative
3576,1,Positive
3577,1,Positive
3578,1,Positive
3579,1,Positive
3580,0,Negative
3581,1,Positive
3582,0,Negative
3583,1,Positive
3584,1,Positive
3585,1,Positive
3586,1,Positive
3587,1,Positive
3588,1,Positive
3589,1,Positive
3590,1,Positive
3591,0,Negative
3592,1,Positive
3593,1,Positive
3594,1,Positive
3595,1,Positive
3596,0,Negative
3597,1,Positive
3598,0,Negative
3599,1,Positive
3600,1,Positive
3601,1,Positive
3602,1,Positive
3603,1,Positive
3604,1,Positive
3605,1,Positive
3606,1,Positive
3607,0,Negative
3608,0,Negative
3609,1,Positive
3610,1,Positive
3611,1,Positive
3612,1,Positive
3613,1,Positive
3614,1,Positive
3615,1,Positive
3616,1,Positive
3617,1,Positive
3618,1,Positive
3619,1,Positive
3620,1,Positive
3621,1,Positive
3622,1,Positive
3623,0,Negative
3624,1,Positive
3625,1,Positive
3626,1,Positive
3627,1,Positive
3628,1,Positive
3629,1,Positive
3630,1,Positive
3631,1,Positive
3632,1,Positive
3633,1,Positive
3634,1,Positive
3635,1,Positive
3636,1,Positive
3637,1,Positive
3638,1,Positive
3639,1,Positive
3640,1,Positive
3641,1,Positive
3642,1,Positive
3643,1,Positive
3644,0,Negative
3645,1,Positive
3646,0,Negative
3647,1,Positive
3648,1,Positive
3649,1,Positive
3650,1,Positive
3651,1,Positive
3652,1,Positive
3653,1,Positive
3654,1,Positive
3655,1,Positive
3656,1,Positive
3657,1,Positive
3658,1,Positive
3659,1,Positive
3660,1,Positive
3661,1,Positive
3662,1,Positive
3663,1,Positive
3664,1,Positive
3665,1,Positive
3666,1,Positive
3667,0,Negative
3668,1,Positive
3669,1,Positive
3670,1,Positive
3671,1,Positive
3672,0,Negative
3673,1,Positive
3674,1,Positive
3675,1,Positive
3676,1,Positive
3677,1,Positive
3678,1,Positive
3679,1,Positive
3680,1,Positive
3681,1,Positive
3682,1,Positive
3683,1,Positive
3684,1,Positive
3685,1,Positive
3686,0,Negative
3687,1,Positive
3688,1,Positive
3689,1,Positive
3690,1,Positive
3691,1,Positive
3692,1,Positive
3693,1,Positive
3694,1,Positive
3695,1,Positive
3696,1,Positive
3697,1,Positive
3698,1,Positive
3699,1,Positive
3700,1,Positive
3701,1,Positive
3702,1,Positive
3703,0,Negative
3704,1,Positive
3705,0,Negative
3706,1,Positive
3707,1,Positive
3708,0,Negative
3709,1,Positive
3710,1,Positive
3711,1,Positive
3712,1,Positive
3713,1,Positive
3714,1,Positive
3715,1,Positive
3716,1,Positive
3717,1,Positive
3718,1,Positive
3719,1,Positive
3720,1,Positive
3721,0,Negative
3722,1,Positive
3723,1,Positive
3724,1,Positive
3725,1,Positive
3726,1,Positive
3727,1,Positive
3728,1,Positive
3729,0,Negative
3730,1,Positive
3731,1,Positive
3732,1,Positive
3733,1,Positive
3734,1,Positive
3735,1,Positive
3736,1,Positive
3737,1,Positive
3738,1,Positive
3739,1,Positive
3740,1,Positive
3741,1,Positive
3742,1,Positive
3743,1,Positive
3744,1,Positive
3745,0,Negative
3746,0,Negative
3747,1,Positive
3748,0,Negative
3749,1,Positive
3750,1,Positive
3751,1,Positive
3752,1,Positive
3753,1,Positive
3754,1,Positive
3755,1,Positive
3756,0,Negative
3757,1,Positive
3758,1,Positive
3759,1,Positive
3760,1,Positive
3761,1,Positive
3762,1,Positive
3763,0,Negative
3764,1,Positive
3765,1,Positive
3766,1,Positive
3767,0,Negative
3768,1,Positive
3769,1,Positive
3770,1,Positive
3771,1,Positive
3772,1,Positive
3773,1,Positive
3774,1,Positive
3775,1,Positive
3776,1,Positive
3777,1,Positive
3778,1,Positive
3779,1,Positive
3780,1,Positive
3781,1,Positive
3782,1,Positive
3783,1,Positive
3784,1,Positive
3785,1,Positive
3786,1,Positive
3787,1,Positive
3788,1,Positive
3789,1,Positive
3790,1,Positive
3791,1,Positive
3792,1,Positive
3793,0,Negative
3794,1,Positive
3795,1,Positive
3796,1,Positive
3797,1,Positive
3798,1,Positive
3799,1,Positive
3800,1,Positive
3801,1,Positive
3802,1,Positive
3803,1,Positive
3804,1,Positive
3805,1,Positive
3806,1,Positive
3807,0,Negative
3808,0,Negative
3809,1,Positive
3810,1,Positive
3811,1,Positive
3812,1,Positive
3813,1,Positive
3814,1,Positive
3815,1,Positive
3816,1,Positive
3817,1,Positive
3818,1,Positive
3819,1,Positive
3820,1,Positive
3821,1,Positive
3822,1,Positive
3823,1,Positive
3824,1,Positive
3825,1,Positive
3826,1,Positive
3827,1,Positive
3828,1,Positive
3829,1,Positive
3830,1,Positive
3831,1,Positive
3832,1,Positive
3833,1,Positive
3834,1,Positive
3835,1,Positive
3836,1,Positive
3837,1,Positive
3838,1,Positive
3839,1,Positive
3840,1,Positive
3841,1,Positive
3842,1,Positive
3843,1,Positive
3844,1,Positive
3845,1,Positive
3846,1,Positive
3847,1,Positive
3848,0,Negative
3849,1,Positive
3850,0,Negative
3851,1,Positive
3852,1,Positive
3853,1,Positive
3854,1,Positive
3855,1,Positive
3856,1,Positive
3857,1,Positive
3858,1,Positive
3859,1,Positive
3860,1,Positive
3861,1,Positive
3862,1,Positive
3863,0,Negative
3864,0,Negative
3865,1,Positive
3866,1,Positive
3867,1,Positive
3868,1,Positive
3869,1,Positive
3870,1,Positive
3871,1,Positive
3872,1,Positive
3873,1,Positive
3874,1,Positive
3875,1,Positive
3876,1,Positive
3877,1,Positive
3878,1,Positive
3879,1,Positive
3880,1,Positive
3881,1,Positive
3882,1,Positive
3883,1,Positive
3884,1,Positive
3885,1,Positive
3886,1,Positive
3887,1,Positive
3888,1,Positive
3889,0,Negative
3890,1,Positive
3891,0,Negative
3892,1,Positive
3893,1,Positive
3894,0,Negative
3895,1,Positive
3896,1,Positive
3897,1,Positive
3898,1,Positive
3899,1,Positive
3900,1,Positive
3901,1,Positive
3902,1,Positive
3903,1,Positive
3904,1,Positive
3905,0,Negative
3906,1,Positive
3907,1,Positive
3908,1,Positive
3909,1,Positive
3910,1,Positive
3911,0,Negative
3912,1,Positive
3913,1,Positive
3914,1,Positive
3915,1,Positive
3916,1,Positive
3917,1,Positive
3918,1,Positive
3919,1,Positive
3920,1,Positive
3921,1,Positive
3922,1,Positive
3923,1,Positive
3924,1,Positive
3925,1,Positive
3926,1,Positive
3927,1,Positive
3928,0,Negative
3929,1,Positive
3930,1,Positive
3931,1,Positive
3932,0,Negative
3933,1,Positive
3934,1,Positive
3935,1,Positive
3936,1,Positive
3937,1,Positive
3938,1,Positive
3939,1,Positive
3940,1,Positive
3941,1,Positive
3942,1,Positive
3943,1,Positive
3944,1,Positive
3945,0,Negative
3946,1,Positive
3947,1,Positive
3948,1,Positive
3949,1,Positive
3950,1,Positive
3951,1,Positive
3952,1,Positive
3953,1,Positive
3954,1,Positive
3955,0,Negative
3956,1,Positive
3957,0,Negative
3958,1,Positive
3959,1,Positive
3960,1,Positive
3961,0,Negative
3962,1,Positive
3963,1,Positive
3964,1,Positive
3965,1,Positive
3966,1,Positive
3967,1,Positive
3968,1,Positive
3969,1,Positive
3970,1,Positive
3971,0,Negative
3972,1,Positive
3973,1,Positive
3974,0,Negative
3975,1,Positive
3976,1,Positive
3977,1,Positive
3978,1,Positive
3979,1,Positive
3980,1,Positive
3981,1,Positive
3982,0,Negative
3983,1,Positive
3984,1,Positive
3985,1,Positive
3986,1,Positive
3987,1,Positive
3988,1,Positive
3989,1,Positive
3990,1,Positive
3991,1,Positive
3992,1,Positive
3993,1,Positive
3994,1,Positive
3995,1,Positive
3996,1,Positive
3997,1,Positive
3998,1,Positive
3999,1,Positive
4000,1,Positive
4001,1,Positive
4002,1,Positive
4003,1,Positive
4004,1,Positive
4005,1,Positive
4006,1,Positive
4007,1,Positive
4008,1,Positive
4009,0,Negative
4010,1,Positive
4011,0,Negative
4012,0,Negative
4013,1,Positive
4014,1,Positive
4015,1,Positive
4016,1,Positive
4017,1,Positive
4018,0,Negative
4019,1,Positive
4020,1,Positive
4021,1,Positive
4022,1,Positive
4023,1,Positive
4024,1,Positive
4025,1,Positive
4026,1,Positive
4027,1,Positive
4028,1,Positive
4029,1,Positive
4030,1,Positive
4031,1,Positive
4032,1,Positive
4033,1,Positive
4034,1,Positive
4035,1,Positive
4036,1,Positive
4037,1,Positive
4038,1,Positive
4039,1,Positive
4040,1,Positive
4041,1,Positive
4042,1,Positive
4043,1,Positive
4044,1,Positive
4045,1,Positive
4046,1,Positive
4047,1,Positive
4048,1,Positive
4049,1,Positive
4050,1,Positive
4051,1,Positive
4052,1,Positive
4053,1,Positive
4054,1,Positive
4055,1,Positive
4056,1,Positive
4057,1,Positive
4058,1,Positive
4059,1,Positive
4060,1,Positive
4061,1,Positive
4062,1,Positive
4063,1,Positive
4064,1,Positive
4065,1,Positive
4066,1,Positive
4067,1,Positive
4068,1,Positive
4069,1,Positive
4070,1,Positive
4071,1,Positive
4072,1,Positive
4073,1,Positive
4074,1,Positive
4075,1,Positive
4076,1,Positive
4077,1,Positive
4078,1,Positive
4079,1,Positive
4080,1,Positive
4081,1,Positive
4082,1,Positive
4083,1,Positive
4084,1,Positive
4085,1,Positive
4086,1,Positive
4087,1,Positive
4088,1,Positive
4089,1,Positive
4090,1,Positive
4091,0,Negative
4092,1,Positive
4093,1,Positive
4094,1,Positive
4095,1,Positive
4096,1,Positive
4097,1,Positive
4098,1,Positive
4099,1,Positive
4100,1,Positive
4101,0,Negative
4102,1,Positive
4103,1,Positive
4104,1,Positive
4105,1,Positive
4106,1,Positive
4107,1,Positive
4108,1,Positive
4109,1,Positive
4110,1,Positive
4111,1,Positive
4112,1,Positive
4113,1,Positive
4114,1,Positive
4115,1,Positive
4116,1,Positive
4117,1,Positive
4118,1,Positive
4119,1,Positive
4120,1,Positive
4121,1,Positive
4122,1,Positive
4123,1,Positive
4124,1,Positive
4125,1,Positive
4126,1,Positive
4127,1,Positive
4128,1,Positive
4129,1,Positive
4130,1,Positive
4131,1,Positive
4132,1,Positive
4133,1,Positive
4134,0,Negative
4135,1,Positive
4136,1,Positive
4137,1,Positive
4138,1,Positive
4139,1,Positive
4140,1,Positive
4141,1,Positive
4142,1,Positive
4143,1,Positive
4144,1,Positive
4145,1,Positive
4146,0,Negative
4147,1,Positive
4148,1,Positive
4149,1,Positive
4150,1,Positive
4151,1,Positive
4152,1,Positive
4153,1,Positive
4154,1,Positive
4155,0,Negative
4156,1,Positive
4157,1,Positive
4158,1,Positive
4159,1,Positive
4160,0,Negative
4161,1,Positive
4162,1,Positive
4163,1,Positive
4164,1,Positive
4165,1,Positive
4166,1,Positive
4167,1,Positive
4168,1,Positive
4169,0,Negative
4170,1,Positive
4171,1,Positive
4172,1,Positive
4173,1,Positive
4174,1,Positive
4175,1,Positive
4176,1,Positive
4177,1,Positive
4178,1,Positive
4179,1,Positive
4180,1,Positive
4181,1,Positive
4182,1,Positive
4183,1,Positive
4184,1,Positive
4185,1,Positive
4186,1,Positive
4187,1,Positive
4188,1,Positive
4189,1,Positive
4190,1,Positive
4191,1,Positive
4192,1,Positive
4193,1,Positive
4194,0,Negative
4195,1,Positive
4196,1,Positive
4197,1,Positive
4198,1,Positive
4199,1,Positive
4200,1,Positive
4201,1,Positive
4202,1,Positive
4203,1,Positive
4204,1,Positive
4205,1,Positive
4206,1,Positive
4207,1,Positive
4208,1,Positive
4209,1,Positive
4210,1,Positive
4211,1,Positive
4212,1,Positive
4213,1,Positive
4214,1,Positive
4215,1,Positive
4216,1,Positive
4217,1,Positive
4218,1,Positive
4219,1,Positive
4220,1,Positive
4221,1,Positive
4222,1,Positive
4223,0,Negative
4224,1,Positive
4225,1,Positive
4226,1,Positive
4227,1,Positive
4228,0,Negative
4229,1,Positive
4230,1,Positive
4231,1,Positive
4232,1,Positive
4233,1,Positive
4234,1,Positive
4235,1,Positive
4236,1,Positive
4237,1,Positive
4238,1,Positive
4239,1,Positive
4240,1,Positive
4241,0,Negative
4242,1,Positive
4243,1,Positive
4244,0,Negative
4245,1,Positive
4246,1,Positive
4247,1,Positive
4248,1,Positive
4249,1,Positive
4250,1,Positive
4251,1,Positive
4252,1,Positive
4253,1,Positive
4254,1,Positive
4255,1,Positive
4256,1,Positive
4257,1,Positive
4258,1,Positive
4259,1,Positive
4260,1,Positive
4261,1,Positive
4262,1,Positive
4263,0,Negative
4264,1,Positive
4265,1,Positive
4266,1,Positive
4267,1,Positive
4268,1,Positive
4269,1,Positive
4270,1,Positive
4271,1,Positive
4272,1,Positive
4273,1,Positive
4274,1,Positive
4275,1,Positive
4276,1,Positive
4277,1,Positive
4278,1,Positive
4279,1,Positive
4280,1,Positive
4281,1,Positive
4282,1,Positive
4283,1,Positive
4284,1,Positive
4285,1,Positive
4286,1,Positive
4287,1,Positive
4288,1,Positive
4289,1,Positive
4290,1,Positive
4291,1,Positive
4292,1,Positive
4293,1,Positive
4294,1,Positive
4295,1,Positive
4296,1,Positive
4297,1,Positive
4298,1,Positive
4299,1,Positive
4300,0,Negative
4301,1,Positive
4302,1,Positive
4303,1,Positive
4304,1,Positive
4305,1,Positive
4306,1,Positive
4307,1,Positive
4308,1,Positive
4309,0,Negative
4310,1,Positive
4311,1,Positive
4312,1,Positive
4313,1,Positive
4314,1,Positive
4315,1,Positive
4316,1,Positive
4317,1,Positive
4318,1,Positive
4319,1,Positive
4320,1,Positive
4321,1,Positive
4322,1,Positive
4323,1,Positive
4324,1,Positive
4325,1,Positive
4326,1,Positive
4327,0,Negative
4328,1,Positive
4329,1,Positive
4330,1,Positive
4331,1,Positive
4332,0,Negative
4333,1,Positive
4334,1,Positive
4335,1,Positive
4336,1,Positive
4337,1,Positive
4338,1,Positive
4339,1,Positive
4340,1,Positive
4341,1,Positive
4342,1,Positive
4343,1,Positive
4344,1,Positive
4345,1,Positive
4346,1,Positive
4347,0,Negative
4348,1,Positive
4349,1,Positive
4350,1,Positive
4351,1,Positive
4352,1,Positive
4353,1,Positive
4354,1,Positive
4355,1,Positive
4356,1,Positive
4357,0,Negative
4358,1,Positive
4359,1,Positive
4360,1,Positive
4361,1,Positive
4362,1,Positive
4363,1,Positive
4364,1,Positive
4365,0,Negative
4366,1,Positive
4367,0,Negative
4368,1,Positive
4369,1,Positive
4370,1,Positive
4371,1,Positive
4372,1,Positive
4373,1,Positive
4374,1,Positive
4375,1,Positive
4376,1,Positive
4377,1,Positive
4378,1,Positive
4379,1,Positive
4380,1,Positive
4381,1,Positive
4382,0,Negative
4383,0,Negative
4384,0,Negative
4385,0,Negative
4386,1,Positive
4387,1,Positive
4388,1,Positive
4389,1,Positive
4390,0,Negative
4391,1,Positive
4392,1,Positive
4393,1,Positive
4394,1,Positive
4395,0,Negative
4396,1,Positive
4397,1,Positive
4398,0,Negative
4399,1,Positive
4400,1,Positive
4401,1,Positive
4402,1,Positive
4403,1,Positive
4404,1,Positive
4405,1,Positive
4406,1,Positive
4407,1,Positive
4408,1,Positive
4409,1,Positive
4410,1,Positive
4411,1,Positive
4412,1,Positive
4413,1,Positive
4414,0,Negative
4415,0,Negative
4416,1,Positive
4417,1,Positive
4418,1,Positive
4419,1,Positive
4420,1,Positive
4421,1,Positive
4422,1,Positive
4423,1,Positive
4424,1,Positive
